TestNo,Dropout,Average Accuracy,Best Accuracy,Worst Accuracy,Average Loss,Best Loss,Worst Loss
1,0,0.808631698,0.87725848,0.767451167,0.569274803,0.690630376,0.428770185
2,0.1,0.4866,0.4866,0.4866,1.0538,1.0538,1.0538
3,0.2,0.4866,0.4866,0.4866,1.0538,1.0538,1.0538
4,0.3,0.4866,0.4866,0.4866,1.0538,1.0538,1.0538
5,0.4,0.4866,0.4866,0.4866,1.0538,1.0538,1.0538
6,0.5,0.4866,0.4866,0.4866,1.0538,1.0538,1.0538
